Sale_ID,Customer_Name,Gender,Region,Product_Category,Units_Purchased,Price_Per_Unit,Sales,Profit,Discount,Order_Date
1,Customer_1,Female,North,Electronics,6.0,2630.0,19292,6780.0,0.05,2026-01-01
2,Customer_2,Female,South,Electronics,6.0,4882.0,21942,1580.0,0.0,2026-01-04
3,Customer_3,Male,South,Clothing,1.0,4311.0,25173,5530.0,0.2,2026-01-07
4,Customer_4,Female,North,Clothing,9.0,1175.0,14769,6196.0,0.2,2026-01-10
5,Customer_5,Male,South,Electronics,4.0,1048.0,8404,727.0,0.15,2026-01-13
6,Customer_6,Female,South,Clothing,8.0,2286.0,23759,3193.0,0.15,2026-01-16
7,Customer_7,Female,East,Furniture,2.0,4258.0,6402,2842.0,0.2,2026-01-19
8,Customer_8,Male,West,Electronics,6.0,,18233,7927.0,0.2,2026-01-22
9,Customer_9,Female,West,Clothing,3.0,3287.0,22125,1475.0,0.1,2026-01-25
10,Customer_10,Female,West,Electronics,4.0,4122.0,19689,2458.0,0.15,2026-01-28
11,Customer_11,Male,West,Electronics,5.0,1777.0,7540,1127.0,0.05,2026-01-31
12,Customer_12,Female,South,Clothing,6.0,4642.0,24779,4819.0,0.15,2026-02-03
13,Customer_13,Female,South,Furniture,8.0,226.0,1086,4806.0,0.1,2026-02-06
14,Customer_14,Male,North,Clothing,7.0,1232.0,24923,5629.0,0.05,2026-02-09
15,Customer_15,Male,North,Clothing,9.0,360.0,28121,6925.0,0.1,2026-02-12
16,Customer_16,Female,East,Furniture,1.0,4623.0,16360,3186.0,0.0,2026-02-15
17,Customer_17,Male,West,Clothing,5.0,2591.0,28847,2861.0,0.2,2026-02-18
18,Customer_18,Male,West,Clothing,7.0,2462.0,25576,683.0,0.1,2026-02-21
19,Customer_19,Male,,Furniture,4.0,668.0,26402,266.0,0.1,2026-02-24
20,Customer_20,Male,North,Clothing,6.0,1335.0,14850,7701.0,0.1,2026-02-27
21,Customer_21,Male,North,Clothing,4.0,877.0,8955,890.0,0.0,2026-03-02
22,Customer_22,Female,East,Clothing,9.0,4407.0,14255,1748.0,0.0,2026-03-05
23,Customer_23,Male,North,Electronics,4.0,1803.0,21357,1733.0,0.1,2026-03-08
24,Customer_24,Male,South,Furniture,1.0,3222.0,28905,5267.0,0.0,2026-03-11
25,Customer_25,Female,North,Electronics,7.0,820.0,6437,2307.0,0.2,2026-03-14
26,Customer_26,Female,West,Clothing,3.0,3562.0,9070,2962.0,0.15,2026-03-17
27,Customer_27,Male,North,Furniture,4.0,4090.0,3901,2246.0,0.2,2026-03-20
28,Customer_28,Male,North,Electronics,2.0,4310.0,2267,489.0,0.0,2026-03-23
29,Customer_29,Female,North,Clothing,5.0,1088.0,14655,3570.0,0.15,2026-03-26
30,Customer_30,Male,West,Electronics,1.0,1660.0,13914,1968.0,0.2,2026-03-29
31,Customer_31,Male,South,Electronics,6.0,2329.0,14059,7540.0,0.0,2026-04-01
32,Customer_32,Female,East,Electronics,1.0,4270.0,9036,3392.0,0.05,2026-04-04
33,Customer_33,Male,East,Furniture,9.0,4101.0,12654,7800.0,0.05,2026-04-07
34,Customer_34,Male,North,Furniture,2.0,329.0,26316,566.0,0.0,2026-04-10
35,Customer_35,Male,West,Furniture,4.0,740.0,6730,6509.0,0.1,2026-04-13
36,Customer_36,Female,West,Electronics,7.0,770.0,5187,,0.0,2026-04-16
37,Customer_37,Female,South,Electronics,1.0,1471.0,21022,2758.0,0.05,2026-04-19
38,Customer_38,Male,West,Furniture,1.0,723.0,19056,7530.0,0.1,2026-04-22
39,Customer_39,Female,South,Furniture,7.0,4169.0,11056,1794.0,0.0,2026-04-25
40,Customer_40,Female,East,Clothing,6.0,709.0,17906,3751.0,0.15,2026-04-28
41,Customer_41,Female,East,Furniture,8.0,2458.0,13393,7211.0,0.05,2026-05-01
42,Customer_42,Female,East,Clothing,5.0,851.0,2721,6442.0,0.15,2026-05-04
43,Customer_43,Female,North,Furniture,1.0,1554.0,17724,409.0,0.0,2026-05-07
44,Customer_44,Male,South,Clothing,1.0,4972.0,13676,6428.0,0.0,2026-05-10
45,Customer_45,Female,North,Furniture,3.0,4174.0,24532,1393.0,0.2,2026-05-13
46,Customer_46,Male,North,Furniture,3.0,4871.0,10431,1503.0,0.05,2026-05-16
47,Customer_47,Male,South,Clothing,2.0,3007.0,2473,5998.0,0.1,2026-05-19
48,Customer_48,Male,West,Electronics,7.0,516.0,18799,1696.0,0.05,2026-05-22
49,Customer_49,Male,South,Clothing,7.0,1227.0,12261,4835.0,0.0,2026-05-25
50,Customer_50,Female,North,Clothing,8.0,2554.0,26672,5858.0,0.05,2026-05-28
51,Customer_51,Male,West,Electronics,4.0,259.0,18968,7813.0,0.15,2026-05-31
52,Customer_52,Female,North,Electronics,1.0,1985.0,14656,4110.0,0.15,2026-06-03
53,Customer_53,Female,North,Furniture,,4458.0,29537,2276.0,0.15,2026-06-06
54,Customer_54,Female,West,Furniture,8.0,3933.0,28818,4668.0,0.05,2026-06-09
55,Customer_55,Male,North,Furniture,1.0,600.0,11261,3098.0,0.15,2026-06-12
56,Customer_56,Female,South,Electronics,3.0,4357.0,10943,6812.0,0.05,2026-06-15
57,Customer_57,Male,West,Furniture,3.0,4990.0,10326,4872.0,0.15,2026-06-18
58,Customer_58,Female,South,Electronics,1.0,4701.0,20346,7227.0,0.15,2026-06-21
59,Customer_59,Female,South,Furniture,6.0,3654.0,22779,7122.0,0.1,2026-06-24
60,Customer_60,Male,North,Furniture,9.0,783.0,12726,5030.0,0.1,2026-06-27
61,Customer_61,Female,North,Furniture,1.0,651.0,15563,5722.0,0.15,2026-06-30
62,Customer_62,Male,West,Clothing,6.0,3950.0,5256,7882.0,0.2,2026-07-03
63,Customer_63,Male,West,Electronics,4.0,3939.0,27263,2665.0,0.15,2026-07-06
64,Customer_64,Female,West,Clothing,7.0,298.0,28567,2331.0,0.0,2026-07-09
65,Customer_65,Male,East,Furniture,8.0,3005.0,8992,7157.0,0.2,2026-07-12
66,Customer_66,Male,North,Furniture,9.0,856.0,16584,1893.0,0.1,2026-07-15
67,Customer_67,Male,North,Electronics,1.0,4346.0,28409,4909.0,0.1,2026-07-18
68,Customer_68,Female,West,Electronics,7.0,1712.0,22993,3607.0,0.1,2026-07-21
69,Customer_69,Female,West,Clothing,1.0,4413.0,15688,6193.0,0.2,2026-07-24
70,Customer_70,Male,West,Clothing,2.0,3472.0,10312,7409.0,0.1,2026-07-27
71,Customer_71,Male,South,Furniture,1.0,4896.0,26967,5189.0,0.1,2026-07-30
72,Customer_72,Male,South,Clothing,2.0,354.0,21989,1643.0,0.15,2026-08-02
73,Customer_73,Female,South,Electronics,5.0,3390.0,9594,4705.0,0.05,2026-08-05
74,Customer_74,Male,West,Furniture,1.0,2402.0,8805,1918.0,0.0,2026-08-08
75,Customer_75,Female,South,Electronics,2.0,3619.0,12076,622.0,0.0,2026-08-11
76,Customer_76,Female,East,Clothing,8.0,2122.0,1527,1624.0,0.05,2026-08-14
77,Customer_77,Male,South,,4.0,2976.0,28641,5970.0,0.2,2026-08-17
78,Customer_78,Female,East,Electronics,1.0,3588.0,24465,3426.0,0.0,2026-08-20
79,Customer_79,Female,East,Electronics,9.0,1877.0,22959,5386.0,0.05,2026-08-23
80,Customer_80,Male,East,Electronics,2.0,4686.0,10313,6108.0,0.15,2026-08-26
81,Customer_81,Female,South,Furniture,6.0,2095.0,2898,7533.0,0.2,2026-08-29
82,Customer_82,Male,South,Clothing,5.0,270.0,25115,3082.0,0.0,2026-09-01
83,Customer_83,Male,South,Clothing,6.0,4673.0,18407,2074.0,0.05,2026-09-04
84,Customer_84,Male,North,Electronics,5.0,965.0,7725,6942.0,0.15,2026-09-07
85,Customer_85,Male,South,Furniture,4.0,703.0,10380,4869.0,0.05,2026-09-10
86,Customer_86,Male,East,Furniture,5.0,3249.0,5810,890.0,0.0,2026-09-13
87,Customer_87,Female,West,Clothing,5.0,678.0,26628,4030.0,0.2,2026-09-16
88,Customer_88,Male,North,Electronics,2.0,3602.0,23839,3500.0,0.1,2026-09-19
89,Customer_89,Female,North,Electronics,2.0,3584.0,29872,7706.0,0.2,2026-09-22
90,Customer_90,Male,North,Electronics,3.0,1690.0,6510,1703.0,0.2,2026-09-25
91,Customer_91,Male,East,Furniture,2.0,3752.0,25848,7564.0,0.05,2026-09-28
92,Customer_92,Male,North,Furniture,2.0,3074.0,27495,7010.0,0.0,2026-10-01
93,Customer_93,Male,East,Electronics,3.0,1624.0,4860,7232.0,0.2,2026-10-04
94,Customer_94,Male,South,Clothing,3.0,3510.0,1432,5139.0,0.1,2026-10-07
95,Customer_95,Male,North,Electronics,3.0,3276.0,7604,7955.0,0.1,2026-10-10
96,Customer_96,Male,East,Electronics,6.0,4703.0,6708,2891.0,0.0,2026-10-13
97,Customer_97,Female,North,Furniture,9.0,2306.0,26786,870.0,0.15,2026-10-16
98,Customer_98,Female,North,Clothing,2.0,4207.0,6185,3280.0,0.05,2026-10-19
99,Customer_99,Male,East,Clothing,8.0,328.0,3642,4731.0,0.2,2026-10-22
100,Customer_100,Female,East,Clothing,2.0,4718.0,28415,1361.0,0.0,2026-10-25
